{
  "project_info": {
    "project_number": "200966110424",
    "project_id": "fir-aec23",
    "storage_bucket": "fir-aec23.appspot.com"
  },
  "client": [
    {
      "client_info": {
        "mobilesdk_app_id": "1:200966110424:android:5d99a19fbca97088126bad",
        "android_client_info": {
          "package_name": "com.example.firebase"
        }
      },
      "oauth_client": [
        {
          "client_id": "200966110424-evi3jiuf1bq5o483hvge0v6nfefvfqv2.apps.googleusercontent.com",
          "client_type": 3
        }
      ],
      "api_key": [
        {
          "current_key": "AIzaSyDzHhna1312TArD4z_o58NfJPRmARsjZks"
        }
      ],
      "services": {
        "appinvite_service": {
          "other_platform_oauth_client": [
            {
              "client_id": "200966110424-evi3jiuf1bq5o483hvge0v6nfefvfqv2.apps.googleusercontent.com",
              "client_type": 3
            }
          ]
        }
      }
    }
  ],
  "configuration_version": "1"
}