{
  "project_info": {
    "project_number": "990524195442",
    "project_id": "mapa-22720",
    "storage_bucket": "mapa-22720.appspot.com"
  },
  "client": [
    {
      "client_info": {
        "mobilesdk_app_id": "1:990524195442:android:002d850d0e1fd9deb538eb",
        "android_client_info": {
          "package_name": "com.example.mapa"
        }
      },
      "oauth_client": [
        {
          "client_id": "990524195442-7q0dnqq0k9actof4fdok5g73id9dvtma.apps.googleusercontent.com",
          "client_type": 3
        }
      ],
      "api_key": [
        {
          "current_key": "AIzaSyC3cV1O6zOPrXja2lACQymvquNeNe0tvMY"
        }
      ],
      "services": {
        "appinvite_service": {
          "other_platform_oauth_client": [
            {
              "client_id": "990524195442-7q0dnqq0k9actof4fdok5g73id9dvtma.apps.googleusercontent.com",
              "client_type": 3
            }
          ]
        }
      }
    }
  ],
  "configuration_version": "1"
}